firstName,lastName,email
Dorene,Newvell,dnewvell0@yale.edu
Aurelia,Keppy,akeppy1@i2i.jp
Adriano,Kitchingham,akitchingham2@google.pl
Gilbertina,Chicco,gchicco3@cargocollective.com
Brendis,Delamar,bdelamar4@storify.com
Whit,Dearnley,wdearnley5@auda.org.au
Tracey,Bosquet,tbosquet6@csmonitor.com
Angelika,Craney,acraney7@reddit.com
Kristo,Rickson,krickson8@nymag.com
Darline,Piken,dpiken9@studiopress.com
Elwood,Tassell,etassella@tinyurl.com
Marlon,Rudinger,mrudingerb@i2i.jp
Iggy,Beaten,ibeatenc@angelfire.com
Cassandra,Ledrane,cledraned@blogger.com
Rickey,Wolsey,rwolseye@miitbeian.gov.cn
Bent,Heighway,bheighwayf@samsung.com
Jeane,Caistor,jcaistorg@si.edu
Nichols,Leahy,nleahyh@1688.com
Lorrie,Stitle,lstitlei@wordpress.org
Josy,Baise,jbaisej@usatoday.com
Kiersten,Kollasch,kkollaschk@simplemachines.org
Mattias,Strognell,mstrognelll@google.ru
Debbie,Denham,ddenhamm@sourceforge.net
Toddy,Holyland,tholylandn@aboutads.info
Martynne,Draper,mdrapero@cornell.edu
Tamara,Franschini,tfranschinip@mozilla.org
Debera,Haskins,dhaskinsq@ftc.gov
Kaine,Hopkynson,khopkynsonr@plala.or.jp
Gabe,Ollet,gollets@admin.ch
Matilde,MacNair,mmacnairt@example.com
Jarrod,Ricci,jricciu@mediafire.com
Debora,Minghetti,dminghettiv@ustream.tv
Nils,McFarland,nmcfarlandw@independent.co.uk
Hammad,Croyser,hcroyserx@weibo.com
Kip,Cornely,kcornelyy@google.com
Shelagh,Rew,srewz@skyrock.com
Dionis,Mealham,dmealham10@skype.com
Modestia,Adran,madran11@webmd.com
Clem,Cammocke,ccammocke12@icio.us
Adham,Tamas,atamas13@un.org
Darcey,Ibbeson,dibbeson14@oakley.com
Carlita,Gerardet,cgerardet15@naver.com
Jameson,Rene,jrene16@1688.com
Renault,Basden,rbasden17@state.tx.us
Elysia,Hullins,ehullins18@nydailynews.com
Abby,Lutsch,alutsch19@thetimes.co.uk
Romy,Florentine,rflorentine1a@tumblr.com
Tasha,Klaas,tklaas1b@fastcompany.com
Steffi,Elderbrant,selderbrant1c@noaa.gov
Megen,MacCoughan,mmaccoughan1d@forbes.com
Rorke,Oloman,roloman1e@engadget.com
Zak,de Cullip,zdecullip1f@blogtalkradio.com
Fabe,McDowell,fmcdowell1g@google.es
Carter,Lurcock,clurcock1h@cnet.com
Judah,Prigmore,jprigmore1i@usda.gov
Kitti,Braunston,kbraunston1j@printfriendly.com
Rosy,Leopard,rleopard1k@vimeo.com
Thacher,Abram,tabram1l@npr.org
Maura,Craze,mcraze1m@addthis.com
Maia,Aronsohn,maronsohn1n@yahoo.com
Spence,Ovendon,sovendon1o@t-online.de
Sigismund,Bonellie,sbonellie1p@posterous.com
Chlo,Sheen,csheen1q@usatoday.com
Hastings,Goodlife,hgoodlife1r@tinyurl.com
Doll,Drexel,ddrexel1s@posterous.com
Thorny,Starbucke,tstarbucke1t@independent.co.uk
Lilyan,Pochin,lpochin1u@twitter.com
Cherry,Astbery,castbery1v@trellian.com
Jillane,Raund,jraund1w@paginegialle.it
Vaclav,Whittlesee,vwhittlesee1x@bravesites.com
Gannon,Fernan,gfernan1y@huffingtonpost.com
Mahmud,McCrostie,mmccrostie1z@sciencedaily.com
Carry,Manshaw,cmanshaw20@reddit.com
Antonetta,Hillett,ahillett21@mediafire.com
Fayette,Francke,ffrancke22@rediff.com
Alvis,Maiden,amaiden23@wired.com
Ferdie,Roll,froll24@princeton.edu
Dewain,Postins,dpostins25@elegantthemes.com
Rolf,Westhofer,rwesthofer26@xrea.com
Eran,Byrkmyr,ebyrkmyr27@theglobeandmail.com
Benjamen,Headland,bheadland28@timesonline.co.uk
Jennine,Gates,jgates29@cisco.com
Hale,Bosquet,hbosquet2a@google.pl
Ichabod,Woolgar,iwoolgar2b@issuu.com
Vern,Haythorn,vhaythorn2c@theatlantic.com
Joscelin,Athelstan,jathelstan2d@typepad.com
Riane,Buney,rbuney2e@fda.gov
Mable,Gronauer,mgronauer2f@dell.com
Starla,Betje,sbetje2g@fotki.com
Brion,Broggetti,bbroggetti2h@mtv.com
Colas,Masarrat,cmasarrat2i@sogou.com
Jackquelin,Le Provost,jleprovost2j@google.com
Tania,Dovey,tdovey2k@about.me
Teddy,Cadlock,tcadlock2l@wikimedia.org
Noreen,MacKeig,nmackeig2m@weebly.com
Mirna,Semered,msemered2n@sciencedirect.com
Jecho,Flacknoe,jflacknoe2o@tuttocitta.it
Richart,Daltrey,rdaltrey2p@t-online.de
Yetta,Andrusyak,yandrusyak2q@bing.com
Ginelle,Tuvey,gtuvey2r@acquirethisname.com
